{"stats":{"minecraft:used":{"minecraft:water_bucket":6,"minecraft:iron_shovel":122,"minecraft:stone_pickaxe":116,"minecraft:oak_planks":4,"minecraft:wooden_pickaxe":10,"minecraft:chest":2,"minecraft:shield":2,"minecraft:iron_sword":50,"minecraft:torch":6,"minecraft:dirt":2,"minecraft:crafting_table":8,"minecraft:white_bed":1,"minecraft:wooden_hoe":38,"minecraft:bread":4,"minecraft:cyan_bed":3,"minecraft:stone_axe":67,"minecraft:wooden_sword":6,"minecraft:cobblestone":4,"minecraft:furnace":2,"minecraft:bucket":7,"minecraft:cooked_beef":4,"minecraft:acacia_planks":9},"minecraft:picked_up":{"minecraft:crafting_table":7,"minecraft:wheat":12,"minecraft:sandstone_slab":1,"minecraft:cooked_beef":2,"minecraft:leather":3,"minecraft:oak_log":6,"minecraft:dirt":4,"minecraft:string":3,"minecraft:bone":2,"minecraft:acacia_planks":19,"minecraft:iron_ingot":8,"minecraft:beef":22,"minecraft:iron_ore":28,"minecraft:poppy":3,"minecraft:furnace":2,"minecraft:sandstone":18,"minecraft:torch":1,"minecraft:green_bed":1,"minecraft:acacia_log":13,"minecraft:sand":88,"minecraft:white_bed":1,"minecraft:cyan_bed":5,"minecraft:green_carpet":2,"minecraft:arrow":5,"minecraft:rotten_flesh":5,"minecraft:hay_block":46,"minecraft:granite":1,"minecraft:black_wool":3,"minecraft:mutton":21,"minecraft:coal":10,"minecraft:white_wool":12,"minecraft:cobblestone":36},"minecraft:killed":{"minecraft:husk":1,"minecraft:spider":3,"minecraft:iron_golem":2,"minecraft:sheep":15,"minecraft:skeleton":3,"minecraft:zombie":3,"minecraft:cow":11},"minecraft:mined":{"minecraft:sandstone_slab":1,"minecraft:white_bed":1,"minecraft:stone_brick_slab":1,"minecraft:crafting_table":7,"minecraft:torch":1,"minecraft:granite":2,"minecraft:acacia_log":13,"minecraft:grass_block":2,"minecraft:dead_bush":4,"minecraft:stone_slab":1,"minecraft:tall_grass":1,"minecraft:cyan_bed":5,"minecraft:sandstone":23,"minecraft:hay_block":46,"minecraft:furnace":2,"minecraft:iron_ore":28,"minecraft:stone_brick_stairs":1,"minecraft:grass":4,"minecraft:oak_log":6,"minecraft:coal_ore":11,"minecraft:sand":126,"minecraft:dirt":3,"minecraft:green_carpet":2,"minecraft:stone_bricks":1,"minecraft:stone":41,"minecraft:netherrack":1,"minecraft:oak_leaves":4,"minecraft:green_bed":1},"minecraft:killed_by":{"minecraft:player":1},"minecraft:dropped":{"minecraft:wheat":6,"minecraft:sandstone_slab":1,"minecraft:slime_block":1,"minecraft:coal":1,"minecraft:poppy":2,"minecraft:wooden_sword":1,"minecraft:sandstone":6,"minecraft:sand":3,"minecraft:wooden_pickaxe":1,"minecraft:string":3},"minecraft:custom":{"minecraft:interact_with_furnace":13,"minecraft:mob_kills":38,"minecraft:interact_with_crafting_table":15,"minecraft:play_one_minute":33628,"minecraft:bell_ring":2,"minecraft:leave_game":2,"minecraft:time_since_death":32453,"minecraft:sleep_in_bed":1,"minecraft:time_since_rest":6311,"minecraft:sprint_one_cm":121774,"minecraft:damage_taken":677,"minecraft:walk_one_cm":105072,"minecraft:damage_blocked_by_shield":70,"minecraft:drop":16,"minecraft:damage_dealt":6333,"minecraft:talked_to_villager":2,"minecraft:fly_one_cm":218671,"minecraft:open_chest":17,"minecraft:crouch_one_cm":7977,"minecraft:deaths":1,"minecraft:sneak_time":2576,"minecraft:walk_under_water_one_cm":809,"minecraft:jump":928,"minecraft:walk_on_water_one_cm":1317,"minecraft:fall_one_cm":22915},"minecraft:crafted":{"minecraft:cooked_beef":6,"minecraft:wooden_sword":1,"minecraft:oak_planks":24,"minecraft:crafting_table":2,"minecraft:wooden_pickaxe":1,"minecraft:furnace":2,"minecraft:bucket":1,"minecraft:stone_axe":1,"minecraft:bread":140,"minecraft:air":0,"minecraft:wooden_hoe":1,"minecraft:shield":1,"minecraft:stick":20,"minecraft:stone_pickaxe":1,"minecraft:chest":2,"minecraft:iron_shovel":1,"minecraft:acacia_planks":52,"minecraft:torch":12,"minecraft:wheat":408}},"DataVersion":2586}