{"stats":{"minecraft:killed_by":{"minecraft:player":9,"minecraft:vindicator":1},"minecraft:killed":{"minecraft:giant":1,"minecraft:endermite":1,"minecraft:spider":3,"minecraft:skeleton":7,"minecraft:illusioner":1,"minecraft:magma_cube":1,"minecraft:husk":1,"minecraft:iron_golem":2,"minecraft:sheep":15,"minecraft:zombie":3,"minecraft:ghast":1,"minecraft:wither_skeleton":1,"minecraft:blaze":9,"minecraft:cow":11},"minecraft:used":{"minecraft:iron_shovel":122,"minecraft:chest":2,"minecraft:shield":16,"minecraft:iron_sword":186,"minecraft:netherrack":255,"minecraft:torch":11,"minecraft:dirt":2,"minecraft:nether_bricks":1,"minecraft:lava_bucket":21,"minecraft:iron_axe":5,"minecraft:bedrock":78,"minecraft:furnace":4,"minecraft:cooked_beef":4,"minecraft:acacia_planks":10,"minecraft:water_bucket":22,"minecraft:stone_pickaxe":116,"minecraft:oak_planks":8,"minecraft:ender_pearl":19,"minecraft:wooden_pickaxe":10,"minecraft:crafting_table":10,"minecraft:white_bed":1,"minecraft:wooden_hoe":38,"minecraft:apple":3,"minecraft:cyan_bed":3,"minecraft:bread":42,"minecraft:iron_pickaxe":210,"minecraft:stone_axe":67,"minecraft:wooden_sword":6,"minecraft:cobblestone":14,"minecraft:bucket":43},"minecraft:crafted":{"minecraft:wooden_sword":1,"minecraft:oak_planks":24,"minecraft:furnace":2,"minecraft:iron_boots":2,"minecraft:iron_axe":1,"minecraft:stone_pickaxe":1,"minecraft:chest":2,"minecraft:wheat":408,"minecraft:cooked_beef":6,"minecraft:crafting_table":2,"minecraft:wooden_pickaxe":1,"minecraft:iron_helmet":1,"minecraft:bucket":1,"minecraft:stone_axe":1,"minecraft:bread":140,"minecraft:air":0,"minecraft:wooden_hoe":1,"minecraft:iron_chestplate":2,"minecraft:shield":1,"minecraft:stick":20,"minecraft:iron_pickaxe":1,"minecraft:iron_ingot":28,"minecraft:iron_shovel":1,"minecraft:iron_leggings":2,"minecraft:acacia_planks":52,"minecraft:torch":12},"minecraft:picked_up":{"minecraft:iron_chestplate":1,"minecraft:crafting_table":8,"minecraft:wheat":12,"minecraft:sandstone_slab":1,"minecraft:string":3,"minecraft:iron_leggings":1,"minecraft:gold_nugget":1,"minecraft:beef":22,"minecraft:poppy":6,"minecraft:iron_boots":1,"minecraft:furnace":4,"minecraft:stick":2,"minecraft:sandstone":18,"minecraft:acacia_log":13,"minecraft:torch":2,"minecraft:green_bed":1,"minecraft:arrow":8,"minecraft:rotten_flesh":5,"minecraft:nether_bricks":1,"minecraft:hay_block":46,"minecraft:blaze_rod":4,"minecraft:mutton":21,"minecraft:cobblestone":52,"minecraft:white_wool":12,"minecraft:cooked_beef":2,"minecraft:leather":3,"minecraft:bedrock":64,"minecraft:oak_log":6,"minecraft:gunpowder":1,"minecraft:dirt":36,"minecraft:bone":4,"minecraft:acacia_planks":19,"minecraft:wheat_seeds":5,"minecraft:iron_ingot":8,"minecraft:stone_pickaxe":1,"minecraft:iron_ore":28,"minecraft:glowstone_dust":16,"minecraft:ghast_tear":1,"minecraft:dandelion":2,"minecraft:sand":88,"minecraft:white_bed":2,"minecraft:cyan_bed":5,"minecraft:green_carpet":2,"minecraft:stone_axe":1,"minecraft:iron_helmet":1,"minecraft:granite":1,"minecraft:emerald":1,"minecraft:black_wool":3,"minecraft:netherrack":178,"minecraft:coal":10},"minecraft:custom":{"minecraft:mob_kills":60,"minecraft:interact_with_crafting_table":26,"minecraft:bell_ring":2,"minecraft:leave_game":2,"minecraft:time_since_death":1673,"minecraft:sprint_one_cm":229405,"minecraft:walk_one_cm":241733,"minecraft:damage_blocked_by_shield":970,"minecraft:drop":56,"minecraft:talked_to_villager":3,"minecraft:deaths":12,"minecraft:sneak_time":5634,"minecraft:walk_under_water_one_cm":3310,"minecraft:jump":1904,"minecraft:walk_on_water_one_cm":8316,"minecraft:interact_with_furnace":36,"minecraft:play_one_minute":75031,"minecraft:sleep_in_bed":1,"minecraft:time_since_rest":1696,"minecraft:damage_taken":5850,"minecraft:damage_dealt":12073,"minecraft:swim_one_cm":1910,"minecraft:fly_one_cm":499889,"minecraft:player_kills":3,"minecraft:open_chest":18,"minecraft:crouch_one_cm":20475,"minecraft:fall_one_cm":45317},"minecraft:mined":{"minecraft:white_bed":2,"minecraft:nether_bricks":1,"minecraft:granite":2,"minecraft:acacia_log":13,"minecraft:grass_block":2,"minecraft:sandstone":23,"minecraft:hay_block":46,"minecraft:glowstone":4,"minecraft:furnace":4,"minecraft:iron_ore":28,"minecraft:green_carpet":2,"minecraft:stone":41,"minecraft:green_bed":1,"minecraft:sandstone_slab":1,"minecraft:stone_brick_slab":1,"minecraft:crafting_table":8,"minecraft:torch":1,"minecraft:dead_bush":4,"minecraft:stone_slab":1,"minecraft:tall_grass":9,"minecraft:cyan_bed":5,"minecraft:stone_brick_stairs":1,"minecraft:grass":15,"minecraft:coal_ore":11,"minecraft:oak_log":6,"minecraft:dirt":3,"minecraft:sand":126,"minecraft:gravel":2,"minecraft:stone_bricks":1,"minecraft:netherrack":197,"minecraft:oak_leaves":4},"minecraft:dropped":{"minecraft:water_bucket":1,"minecraft:bread":1,"minecraft:wheat_seeds":3,"minecraft:golden_helmet":1,"minecraft:sandstone_slab":1,"minecraft:iron_helmet":1,"minecraft:granite":1,"minecraft:bedrock":64,"minecraft:coal":1,"minecraft:stick":4,"minecraft:dirt":1,"minecraft:iron_leggings":2,"minecraft:wooden_sword":1,"minecraft:gold_nugget":1,"minecraft:sand":3,"minecraft:string":3,"minecraft:dandelion":2,"minecraft:gold_ingot":1,"minecraft:bone":2,"minecraft:stone_axe":2,"minecraft:wheat":6,"minecraft:rotten_flesh":5,"minecraft:iron_boots":2,"minecraft:slime_block":1,"minecraft:glowstone_dust":4,"minecraft:poppy":5,"minecraft:iron_chestplate":2,"minecraft:sandstone":6,"minecraft:arrow":6,"minecraft:stone_pickaxe":2,"minecraft:wooden_pickaxe":1,"minecraft:ghast_tear":1,"minecraft:netherrack":1}},"DataVersion":2586}