{"stats":{"minecraft:picked_up":{"minecraft:sand":2},"minecraft:custom":{"minecraft:jump":75,"minecraft:time_since_rest":3177,"minecraft:damage_dealt":178,"minecraft:play_one_minute":3177,"minecraft:leave_game":1,"minecraft:sprint_one_cm":7541,"minecraft:walk_on_water_one_cm":830,"minecraft:time_since_death":3177,"minecraft:walk_one_cm":941,"minecraft:sneak_time":122,"minecraft:walk_under_water_one_cm":11843,"minecraft:swim_one_cm":11181,"minecraft:drop":3,"minecraft:fall_one_cm":4029,"minecraft:fly_one_cm":63738},"minecraft:dropped":{"minecraft:sand":3}},"DataVersion":2586}