{"stats":{"minecraft:killed_by":{"minecraft:player":3,"minecraft:ender_dragon":2},"minecraft:killed":{"minecraft:magma_cube":17,"minecraft:husk":1,"minecraft:vindicator":3,"minecraft:sheep":2,"minecraft:skeleton":6,"minecraft:zombie":1,"minecraft:wither_skeleton":1,"minecraft:blaze":5,"minecraft:cow":2,"minecraft:enderman":3},"minecraft:used":{"minecraft:water_bucket":17,"minecraft:flint_and_steel":2,"minecraft:stone_pickaxe":53,"minecraft:wooden_pickaxe":22,"minecraft:shield":16,"minecraft:vindicator_spawn_egg":83,"minecraft:green_bed":1,"minecraft:stone_hoe":57,"minecraft:netherrack":5,"minecraft:torch":1,"minecraft:dirt":8,"minecraft:tnt":7,"minecraft:crafting_table":10,"minecraft:sponge":2,"minecraft:creeper_spawn_egg":66,"minecraft:lava_bucket":12,"minecraft:bread":55,"minecraft:iron_axe":94,"minecraft:iron_pickaxe":178,"minecraft:bedrock":35,"minecraft:stone_axe":42,"minecraft:cobblestone":48,"minecraft:furnace":2,"minecraft:bucket":28,"minecraft:andesite":3,"minecraft:oak_boat":2},"minecraft:crafted":{"minecraft:oak_planks":24,"minecraft:crafting_table":1,"minecraft:wooden_pickaxe":1,"minecraft:furnace":1,"minecraft:bucket":2,"minecraft:stone_axe":1,"minecraft:bread":168,"minecraft:air":0,"minecraft:oak_boat":1,"minecraft:iron_chestplate":1,"minecraft:shield":1,"minecraft:stick":12,"minecraft:iron_ingot":26,"minecraft:iron_pickaxe":1,"minecraft:stone_pickaxe":1,"minecraft:iron_leggings":1,"minecraft:stone_hoe":1,"minecraft:golden_boots":1,"minecraft:wheat":504},"minecraft:picked_up":{"minecraft:crafting_table":10,"minecraft:magma_cream":1,"minecraft:andesite":10,"minecraft:leather":2,"minecraft:oak_log":6,"minecraft:gunpowder":4,"minecraft:dirt":9,"minecraft:bone":12,"minecraft:wheat_seeds":8,"minecraft:gold_nugget":1,"minecraft:beef":3,"minecraft:oak_boat":2,"minecraft:iron_ore":26,"minecraft:iron_pickaxe":1,"minecraft:glowstone_dust":1,"minecraft:furnace":2,"minecraft:sandstone":1,"minecraft:torch":1,"minecraft:green_bed":2,"minecraft:porkchop":3,"minecraft:sand":10,"minecraft:diorite":11,"minecraft:arrow":8,"minecraft:rotten_flesh":3,"minecraft:nether_bricks":2,"minecraft:stone_axe":1,"minecraft:hay_block":56,"minecraft:granite":10,"minecraft:emerald":1,"minecraft:bread":1,"minecraft:wet_sponge":2,"minecraft:blaze_rod":2,"minecraft:netherrack":23,"minecraft:oak_sapling":2,"minecraft:mutton":3,"minecraft:coal":76,"minecraft:white_wool":2,"minecraft:cobblestone":130,"minecraft:ender_pearl":2},"minecraft:custom":{"minecraft:interact_with_furnace":9,"minecraft:mob_kills":42,"minecraft:interact_with_crafting_table":13,"minecraft:play_one_minute":83562,"minecraft:leave_game":2,"minecraft:time_since_death":6000,"minecraft:sleep_in_bed":1,"minecraft:damage_resisted":5441,"minecraft:time_since_rest":6024,"minecraft:sprint_one_cm":211929,"minecraft:damage_taken":4741,"minecraft:walk_one_cm":297037,"minecraft:damage_blocked_by_shield":640,"minecraft:drop":23,"minecraft:damage_dealt":8246,"minecraft:talked_to_villager":3,"minecraft:fly_one_cm":408000,"minecraft:player_kills":9,"minecraft:open_chest":1,"minecraft:crouch_one_cm":12426,"minecraft:deaths":6,"minecraft:sneak_time":1726,"minecraft:jump":1282,"minecraft:walk_on_water_one_cm":3320,"minecraft:fall_one_cm":87739},"minecraft:mined":{"minecraft:soul_fire":1,"minecraft:crafting_table":10,"minecraft:torch":2,"minecraft:nether_bricks":2,"minecraft:granite":10,"minecraft:grass_block":5,"minecraft:tall_grass":3,"minecraft:cobblestone":5,"minecraft:diorite":15,"minecraft:hay_block":56,"minecraft:furnace":2,"minecraft:iron_ore":26,"minecraft:fire":4,"minecraft:andesite":12,"minecraft:grass":15,"minecraft:oak_log":6,"minecraft:coal_ore":38,"minecraft:gravel":1,"minecraft:dirt":5,"minecraft:wet_sponge":2,"minecraft:stone":126,"minecraft:netherrack":10,"minecraft:oak_leaves":1,"minecraft:green_bed":2},"minecraft:dropped":{"minecraft:stone_hoe":1,"minecraft:stone_axe":2,"minecraft:wheat_seeds":2,"minecraft:cobblestone":2,"minecraft:granite":12,"minecraft:emerald":1,"minecraft:dirt":1,"minecraft:gunpowder":2,"minecraft:diorite":11,"minecraft:oak_sapling":2,"minecraft:gold_nugget":1,"minecraft:sandstone":1,"minecraft:sand":1,"minecraft:wooden_pickaxe":1,"minecraft:stone_pickaxe":1,"minecraft:iron_pickaxe":1,"minecraft:white_wool":2}},"DataVersion":2586}