{"stats":{"minecraft:used":{"minecraft:water_bucket":15,"minecraft:flint_and_steel":2,"minecraft:stone_pickaxe":53,"minecraft:wooden_pickaxe":22,"minecraft:shield":8,"minecraft:green_bed":1,"minecraft:stone_hoe":57,"minecraft:dirt":8,"minecraft:crafting_table":10,"minecraft:lava_bucket":12,"minecraft:iron_axe":19,"minecraft:bread":12,"minecraft:iron_pickaxe":163,"minecraft:stone_axe":42,"minecraft:cobblestone":32,"minecraft:furnace":2,"minecraft:andesite":3,"minecraft:bucket":26,"minecraft:oak_boat":2},"minecraft:picked_up":{"minecraft:crafting_table":10,"minecraft:andesite":10,"minecraft:leather":2,"minecraft:oak_log":6,"minecraft:gunpowder":2,"minecraft:dirt":9,"minecraft:bone":10,"minecraft:wheat_seeds":1,"minecraft:beef":3,"minecraft:iron_ore":26,"minecraft:oak_boat":2,"minecraft:iron_pickaxe":1,"minecraft:furnace":2,"minecraft:sandstone":1,"minecraft:green_bed":2,"minecraft:porkchop":3,"minecraft:sand":1,"minecraft:diorite":11,"minecraft:arrow":8,"minecraft:stone_axe":1,"minecraft:hay_block":56,"minecraft:granite":10,"minecraft:oak_sapling":2,"minecraft:mutton":3,"minecraft:coal":76,"minecraft:cobblestone":130,"minecraft:white_wool":2,"minecraft:ender_pearl":1},"minecraft:mined":{"minecraft:soul_fire":1,"minecraft:crafting_table":10,"minecraft:granite":10,"minecraft:grass_block":4,"minecraft:tall_grass":1,"minecraft:cobblestone":5,"minecraft:diorite":15,"minecraft:hay_block":56,"minecraft:furnace":2,"minecraft:fire":1,"minecraft:iron_ore":26,"minecraft:andesite":12,"minecraft:grass":1,"minecraft:coal_ore":38,"minecraft:oak_log":6,"minecraft:gravel":1,"minecraft:dirt":5,"minecraft:stone":126,"minecraft:oak_leaves":1,"minecraft:green_bed":2},"minecraft:killed":{"minecraft:magma_cube":5,"minecraft:husk":1,"minecraft:sheep":2,"minecraft:skeleton":6,"minecraft:cow":2,"minecraft:enderman":1},"minecraft:dropped":{"minecraft:stone_hoe":1,"minecraft:stone_axe":2,"minecraft:wheat_seeds":1,"minecraft:cobblestone":2,"minecraft:granite":10,"minecraft:dirt":1,"minecraft:gunpowder":2,"minecraft:diorite":11,"minecraft:oak_sapling":2,"minecraft:sandstone":1,"minecraft:sand":1,"minecraft:wooden_pickaxe":1,"minecraft:stone_pickaxe":1,"minecraft:iron_pickaxe":1,"minecraft:white_wool":2},"minecraft:custom":{"minecraft:interact_with_furnace":9,"minecraft:mob_kills":18,"minecraft:interact_with_crafting_table":13,"minecraft:play_one_minute":41989,"minecraft:leave_game":2,"minecraft:time_since_death":41989,"minecraft:sleep_in_bed":1,"minecraft:time_since_rest":6863,"minecraft:sprint_one_cm":82024,"minecraft:damage_taken":527,"minecraft:walk_one_cm":102856,"minecraft:damage_blocked_by_shield":270,"minecraft:drop":18,"minecraft:damage_dealt":2882,"minecraft:talked_to_villager":3,"minecraft:fly_one_cm":115477,"minecraft:player_kills":1,"minecraft:crouch_one_cm":1891,"minecraft:sneak_time":656,"minecraft:jump":599,"minecraft:walk_on_water_one_cm":87,"minecraft:fall_one_cm":17677},"minecraft:crafted":{"minecraft:oak_planks":24,"minecraft:crafting_table":1,"minecraft:wooden_pickaxe":1,"minecraft:furnace":1,"minecraft:bucket":2,"minecraft:stone_axe":1,"minecraft:bread":168,"minecraft:air":0,"minecraft:oak_boat":1,"minecraft:iron_chestplate":1,"minecraft:shield":1,"minecraft:stick":12,"minecraft:iron_ingot":26,"minecraft:iron_pickaxe":1,"minecraft:stone_pickaxe":1,"minecraft:iron_leggings":1,"minecraft:stone_hoe":1,"minecraft:golden_boots":1,"minecraft:wheat":504}},"DataVersion":2586}